{
    "type": "theme",    
    "name": "Machinon",
    "description": "Machinon custom theme, simple and light",
    "license": "GNU General Public License v3.0",
    "version":"1.10.2",
    "author": "EdddieN",
    "homepage": "https://www.machinon.com",
    "wiki": "https://www.domoticz.com/wiki/Machinon_Theme",
    "standby_after": 10,
    "logo": "",
    "custom_url": "https://www.domoticz.com",
    "button_name": "Domoticz",
    "icons": [
        {"idx":"36","img":"IMG_0138.jpg"},
        {"idx":"38","img":"IMG_0137.jpg"},
        {"idx":"94","img":"IMG_0263.JPG"}
        ],
    "background_img":"",
    "background_type":"",
    "features": {
        "dark_theme": {
            "id":10,
            "enabled":false,
            "files": ["dark_theme.css"]
        },
        "footer_text_disabled": {
            "id":11,
            "enabled":true,
            "files": []
        },
        "custom_settings_menu": {
            "id":12,
            "enabled":true,
            "files": []
        },
        "standby": {
            "id":13,
            "enabled":false,
            "files": ["standby.js"]
        },
        "check_update": {
            "id":15,
            "enabled":true,
            "files": ["check_update.js"]
        },
        "time_ago": {
            "id":16,
            "enabled":true,
            "files": []
        },
        "custom_page_menu": {
            "id":17,
            "enabled":true,
            "files": []
        },
        "fade_offItems": {
            "id":18,
            "enabled":false,
            "files": []
        },
        "switch_instead_of_bigtext": {
            "id":20,
            "enabled":true,
            "files": ["switch.css"]
        },
        "dashboard_show_last_update": {
            "id":21,
            "enabled":false,
            "files": ["dashboard_show_last_update.css"]
        },
        "switch_instead_of_bigtext_scenes": {
            "id":22,
            "enabled":true,
            "files": []
        },
        "navbar_icons": {
            "id":25,
            "enabled":false,
            "files": ["navbar_icons.css"]
        },
        "navbar_icons_text": {
            "id":27,
            "enabled":false,
            "files": []
        },
        "sidemenu": {
            "id":28,
            "enabled":false,
            "files": ["sidemenu.css"]
        },
        "notification": {
            "id":29,
            "enabled":true,
            "files": []
        },
        "dashboard_columns": {
            "id":30,
            "enabled":false,
            "files": ["dashboard_columns.css"]
        },
        "dashboard_camera": {
            "id":31,
            "enabled":true,
            "files": ["dashboard_camera.css"]
        },
        "icon_image": {
            "id":32,
            "enabled":false,
            "files": []
        },
        "center_popups": {
            "id":33,
            "enabled":false,
            "files": ["center_popups.css"]
        },
        "dashboard_camera_section": {
            "id":36,
            "enabled":true,
            "files": []
        }
    }
}
